


{
 "resultCount":1,
 "results": [
{"wrapperType":"track", "kind":"song", "artistId":471744, "collectionId":1122782080, "trackId":1122782283, "artistName":"Coldplay", "collectionName":"Parachutes", "trackName":"Yellow", "collectionCensoredName":"Parachutes", "trackCensoredName":"Yellow", "artistViewUrl":"https://music.apple.com/us/artist/coldplay/471744?uo=4", "collectionViewUrl":"https://music.apple.com/us/album/yellow/1122782080?i=1122782283&uo=4", "trackViewUrl":"https://music.apple.com/us/album/yellow/1122782080?i=1122782283&uo=4", 
"previewUrl":"https://audio-ssl.itunes.apple.com/itunes-assets/AudioPreview126/v4/52/a5/d2/52a5d2f1-2501-9f3a-e5c1-420c17c3e244/mzaf_11020025762956009770.plus.aac.p.m4a", "artworkUrl30":"https://is1-ssl.mzstatic.com/image/thumb/Music221/v4/f5/93/8c/f5938c49-964c-31d1-4b33-78b634f71fb7/190295978075.jpg/30x30bb.jpg", "artworkUrl60":"https://is1-ssl.mzstatic.com/image/thumb/Music221/v4/f5/93/8c/f5938c49-964c-31d1-4b33-78b634f71fb7/190295978075.jpg/60x60bb.jpg", "artworkUrl100":"https://is1-ssl.mzstatic.com/image/thumb/Music221/v4/f5/93/8c/f5938c49-964c-31d1-4b33-78b634f71fb7/190295978075.jpg/100x100bb.jpg", "collectionPrice":9.99, "trackPrice":1.29, "releaseDate":"2000-06-26T07:00:00Z", "collectionExplicitness":"notExplicit", "trackExplicitness":"notExplicit", "discCount":1, "discNumber":1, "trackCount":10, "trackNumber":5, "trackTimeMillis":269208, "country":"USA", "currency":"USD", "primaryGenreName":"Alternative", "isStreamable":true}]
}


